{"acc": 0.7631309355233029, "loss": 0.19956799537725564, "_timestamp": 1705185929.3755305, "_runtime": 0.3341856002807617, "_step": 7, "_wandb": {"runtime": 0}}