{"acc": 0.9579958220224037, "loss": 0.09894603656005801, "_timestamp": 1705185756.795566, "_runtime": 0.5402469635009766, "_step": 7, "_wandb": {"runtime": 0}}